{"cameraMode":{"drawMode":0,"name":"Shaded","section":"Shading Mode"},"sceneLighting":true,"audioPlay":false,"sceneViewState":{"showFog":true,"showMaterialUpdate":false,"showSkybox":true,"showFlares":true,"showImageEffects":true,"showParticleSystems":true},"in2DMode":false,"pivot":{"x":-0.9999294281005859,"y":1.1826090812683106,"z":-3.3374972343444826},"rotation":{"x":-0.0713980570435524,"y":0.8713939189910889,"z":-0.13331159949302674,"w":-0.46669483184814455},"size":19.443466186523439,"orthographic":false}