{"cameraMode":{"drawMode":0,"name":"Shaded","section":"Shading Mode"},"sceneLighting":true,"audioPlay":false,"sceneViewState":{"showFog":true,"showMaterialUpdate":false,"showSkybox":true,"showFlares":true,"showImageEffects":true,"showParticleSystems":true},"in2DMode":false,"pivot":{"x":-0.41034698486328127,"y":-11.345224380493164,"z":11.526653289794922},"rotation":{"x":-0.16586346924304963,"y":0.3348364233970642,"z":-0.05999992415308952,"w":-0.9256208539009094},"size":72.67861938476563,"orthographic":false}